TML_DTA_SOMM,TML_REGIONE,TML_NUTS,TML_SESSO_M,TML_SESSO_F,TML_CAT_OSS,TML_CAT_PERSONALE,TML_CAT_RSA_OSPITI,TML_CAT_ALTRO,TML_DOSE_1,TML_DOSE_2
2020-12-27,Abruzzo,ITF1,355,320,575,15,10,75,675,0
2020-12-27,Basilicata,ITF5,415,625,1040,0,0,0,1040,0
2020-12-27,Calabria,ITF6,735,635,1360,5,0,5,1370,0
2020-12-27,Campania,ITF3,2110,1489,3559,25,0,15,3599,0
2020-12-27,Emilia-Romagna,ITH5,1860,2985,3285,5,130,1425,4845,0
2020-12-27,Friuli Venezia Giulia,ITH4,750,565,1300,15,0,0,1315,0
2020-12-27,Lazio,ITI4,330,365,695,0,0,0,695,0
2020-12-27,Liguria,ITC3,295,380,510,5,150,10,675,0
2020-12-27,Lombardia,ITC4,2285,1545,3655,100,60,15,3830,0
2020-12-27,Marche,ITI3,485,515,940,5,20,35,1000,0
2020-12-27,Molise,ITF2,100,150,160,0,85,5,250,0
2020-12-27,P.A. Bolzano,ITH1,325,395,720,0,0,0,720,0
2020-12-27,P.A. Trento,ITH2,195,305,385,15,100,0,500,0
2020-12-27,Piemonte,ITC1,1834,2710,3789,370,380,5,4544,0
2020-12-27,Puglia,ITF4,1395,1380,2410,50,310,5,2775,0
2020-12-27,Sardegna,ITG2,170,155,325,0,0,0,325,0
2020-12-27,Sicilia,ITG1,275,175,315,5,125,5,450,0
2020-12-27,Toscana,ITI1,1335,1765,2895,55,150,0,3100,0
2020-12-27,Umbria,ITI2,380,340,610,25,85,0,720,0
2020-12-27,Valle d'Aosta,ITC2,45,55,100,0,0,0,100,0
2020-12-27,Veneto,ITH3,1975,2425,4390,0,0,10,4400,0
2020-12-28,Calabria,ITF6,10,15,25,0,0,0,25,0
2020-12-28,Lazio,ITI4,1140,1435,2570,0,0,5,2575,0
2020-12-28,Liguria,ITC3,150,250,395,0,0,5,400,0
2020-12-28,Lombardia,ITC4,855,1100,1690,185,0,80,1955,0
2020-12-28,Sardegna,ITG2,125,200,325,0,0,0,325,0
2020-12-28,Sicilia,ITG1,640,430,1060,10,0,0,1070,0
2020-12-29,Lazio,ITI4,750,1335,2085,0,0,0,2085,0
2020-12-29,Liguria,ITC3,165,460,485,35,105,0,625,0
2020-12-29,Lombardia,ITC4,860,1220,1785,265,0,30,2080,0
2020-12-29,Sardegna,ITG2,145,105,245,5,0,0,250,0
2020-12-29,Sicilia,ITG1,730,445,1175,0,0,0,1175,0
2020-12-30,Friuli Venezia Giulia,ITH4,1235,1920,2915,145,0,95,3155,0
2020-12-30,Lazio,ITI4,3100,4875,7860,0,115,0,7975,0
2020-12-30,Liguria,ITC3,25,35,60,0,0,0,60,0
2020-12-30,Lombardia,ITC4,220,420,590,35,0,15,640,0
2020-12-30,Marche,ITI3,25,60,70,15,0,0,85,0
2020-12-30,P.A. Bolzano,ITH1,815,1100,1715,195,0,5,1915,0
2020-12-30,Piemonte,ITC1,1600,2020,3400,220,0,0,3620,0
2020-12-30,Sicilia,ITG1,710,485,1090,45,0,60,1195,0
2020-12-30,Toscana,ITI1,480,1030,170,30,1310,0,1510,0
2020-12-30,Veneto,ITH3,1225,2265,3075,60,195,160,3490,0
2020-12-31,Campania,ITF3,4040,3395,6655,705,5,70,7435,0
2020-12-31,Emilia-Romagna,ITH5,3710,6810,7415,145,1495,1465,10520,0
2020-12-31,Friuli Venezia Giulia,ITH4,1920,3345,4835,210,0,220,5265,0
2020-12-31,Lazio,ITI4,10430,15580,24555,0,1395,60,26010,0
2020-12-31,Liguria,ITC3,1705,2970,3650,80,915,30,4675,0
2020-12-31,Lombardia,ITC4,1450,2115,3435,130,0,0,3565,0
2020-12-31,Marche,ITI3,865,1055,1855,65,0,0,1920,0
2020-12-31,P.A. Bolzano,ITH1,1015,1205,1855,275,0,90,2220,0
2020-12-31,P.A. Trento,ITH2,2115,5355,4055,500,2905,10,7470,0
2020-12-31,Piemonte,ITC1,6550,12590,16712,1760,665,3,19140,0
2020-12-31,Puglia,ITF4,3090,3280,6010,280,80,0,6370,0
2020-12-31,Sardegna,ITG2,80,80,135,20,0,5,160,0
2020-12-31,Sicilia,ITG1,2405,2070,4220,30,0,225,4475,0
2020-12-31,Toscana,ITI1,940,2865,485,20,3300,0,3805,0
2020-12-31,Umbria,ITI2,445,810,1250,5,0,0,1255,0
2020-12-31,Valle d'Aosta,ITC2,20,70,90,0,0,0,90,0
2020-12-31,Veneto,ITH3,5195,10830,14250,420,1255,100,16025,0
2021-01-01,Campania,ITF3,2525,2060,4205,370,0,10,4585,0
2021-01-01,Lazio,ITI4,6900,10845,17395,0,340,10,17745,0
2021-01-01,Liguria,ITC3,275,445,665,25,0,30,720,0
2021-01-01,Lombardia,ITC4,35,85,120,0,0,0,120,0
2021-01-01,P.A. Trento,ITH2,245,800,555,55,435,0,1045,0
2021-01-01,Piemonte,ITC1,1960,3210,4590,580,0,0,5170,0
2021-01-01,Puglia,ITF4,385,510,895,0,0,0,895,0
2021-01-01,Sardegna,ITG2,80,70,150,0,0,0,150,0
2021-01-01,Sicilia,ITG1,2165,1890,3675,150,0,230,4055,0
2021-01-01,Toscana,ITI1,3925,7900,8570,10,3245,0,11825,0
2021-01-01,Umbria,ITI2,550,855,1390,15,0,0,1405,0
2021-01-01,Veneto,ITH3,2350,5250,7550,45,0,5,7600,0
2021-01-02,Abruzzo,ITF1,1090,1660,2725,25,0,0,2750,0
2021-01-02,Basilicata,ITF5,1780,2645,4185,5,0,235,4425,0
2021-01-02,Calabria,ITF6,485,360,845,0,0,0,845,0
2021-01-02,Campania,ITF3,9800,8530,16930,1315,0,85,18330,0
2021-01-02,Emilia-Romagna,ITH5,4440,6900,9745,5,750,840,11340,0
2021-01-02,Friuli Venezia Giulia,ITH4,2355,3730,5550,335,0,200,6085,0
2021-01-02,Lazio,ITI4,13180,20650,31065,235,2060,470,33830,0
2021-01-02,Liguria,ITC3,1230,2230,2935,475,0,50,3460,0
2021-01-02,Lombardia,ITC4,370,630,960,40,0,0,1000,0
2021-01-02,Marche,ITI3,840,1735,2425,65,0,85,2575,0
2021-01-02,P.A. Bolzano,ITH1,140,190,330,0,0,0,330,0
2021-01-02,P.A. Trento,ITH2,710,1795,1685,105,700,15,2505,0
2021-01-02,Piemonte,ITC1,5650,11995,15335,2050,260,0,17645,0
2021-01-02,Puglia,ITF4,6390,8125,13945,530,40,0,14515,0
2021-01-02,Sardegna,ITG2,105,195,300,0,0,0,300,0
2021-01-02,Sicilia,ITG1,12990,11870,22010,755,0,2095,24860,0
2021-01-02,Toscana,ITI1,5475,11990,13390,75,4000,0,17465,0
2021-01-02,Umbria,ITI2,600,920,1515,5,0,0,1520,0
2021-01-02,Valle d'Aosta,ITC2,25,5,0,0,30,0,30,0
2021-01-02,Veneto,ITH3,8815,19800,24570,1075,2705,265,28615,0
2021-01-03,Abruzzo,ITF1,1095,1725,2780,40,0,0,2820,0
2021-01-03,Basilicata,ITF5,1440,2175,3585,30,0,0,3615,0
2021-01-03,Calabria,ITF6,15,10,20,5,0,0,25,0
2021-01-03,Campania,ITF3,10025,9130,17470,1460,0,225,19155,0
2021-01-03,Emilia-Romagna,ITH5,4670,8970,11825,15,850,950,13640,0
2021-01-03,Friuli Venezia Giulia,ITH4,610,950,1190,130,5,235,1560,0
2021-01-03,Lazio,ITI4,9900,16475,25175,85,560,555,26375,0
2021-01-03,Liguria,ITC3,1110,2355,3085,300,0,80,3465,0
2021-01-03,Lombardia,ITC4,1555,2620,4015,140,20,0,4175,0
2021-01-03,Marche,ITI3,1740,2745,3725,650,0,110,4485,0
2021-01-03,P.A. Trento,ITH2,795,1670,2085,55,325,0,2465,0
2021-01-03,Piemonte,ITC1,4820,10450,13530,1475,260,5,15270,0
2021-01-03,Puglia,ITF4,4535,5070,8985,285,335,0,9605,0
2021-01-03,Sardegna,ITG2,180,270,445,5,0,0,450,0
2021-01-03,Sicilia,ITG1,12280,11205,21770,1085,0,630,23485,0
2021-01-03,Toscana,ITI1,5330,11500,12820,40,3970,0,16830,0
2021-01-03,Umbria,ITI2,550,800,1350,0,0,0,1350,0
2021-01-03,Veneto,ITH3,7675,17735,22540,1405,1245,220,25410,0
2021-01-04,Abruzzo,ITF1,2890,4165,7030,25,0,0,7055,0
2021-01-04,Basilicata,ITF5,950,1085,1760,275,0,0,2035,0
2021-01-04,Calabria,ITF6,2680,2760,5190,125,0,125,5440,0
2021-01-04,Campania,ITF3,14810,14320,26195,2555,0,380,29130,0
2021-01-04,Emilia-Romagna,ITH5,12485,23520,26655,485,2395,6470,36005,0
2021-01-04,Friuli Venezia Giulia,ITH4,2795,4750,6575,590,0,380,7545,0
2021-01-04,Lazio,ITI4,14510,22770,35270,20,1580,410,37280,0
2021-01-04,Liguria,ITC3,4265,8900,10775,720,1155,515,13165,0
2021-01-04,Lombardia,ITC4,12505,23030,32060,2195,870,410,35535,0
2021-01-04,Marche,ITI3,2665,4260,6020,890,0,15,6925,0
2021-01-04,Molise,ITF2,650,890,1460,10,0,70,1540,0
2021-01-04,P.A. Bolzano,ITH1,690,1050,1370,295,0,75,1740,0
2021-01-04,P.A. Trento,ITH2,975,3145,2450,210,1430,30,4120,0
2021-01-04,Piemonte,ITC1,8325,19325,22810,3675,1165,0,27650,0
2021-01-04,Puglia,ITF4,8970,11485,19235,995,225,0,20455,0
2021-01-04,Sardegna,ITG2,1060,1805,2760,100,0,5,2865,0
2021-01-04,Sicilia,ITG1,20865,21025,37895,2840,30,1125,41890,0
2021-01-04,Toscana,ITI1,9440,15805,20445,145,4640,15,25245,0
2021-01-04,Umbria,ITI2,1905,2130,4030,5,0,0,4035,0
2021-01-04,Valle d'Aosta,ITC2,295,415,710,0,0,0,710,0
2021-01-04,Veneto,ITH3,10005,22995,26345,1880,4280,495,33000,0
2021-01-05,Abruzzo,ITF1,3020,5065,8035,50,0,0,8085,0
2021-01-05,Basilicata,ITF5,1310,1930,3095,145,0,0,3240,0
2021-01-05,Calabria,ITF6,3725,4150,7145,390,0,340,7875,0
2021-01-05,Campania,ITF3,18015,17855,31360,3110,430,970,35870,0
2021-01-05,Emilia-Romagna,ITH5,15380,29930,31765,850,2780,9915,45310,0
2021-01-05,Friuli Venezia Giulia,ITH4,2755,5655,6405,665,990,350,8410,0
2021-01-05,Lazio,ITI4,13970,22765,33335,0,2885,515,36735,0
2021-01-05,Liguria,ITC3,4460,9930,11475,1090,1280,545,14390,0
2021-01-05,Lombardia,ITC4,13015,26510,34560,3745,1000,220,39525,0
2021-01-05,Marche,ITI3,2785,4725,6840,590,0,80,7510,0
2021-01-05,Molise,ITF2,900,1340,2200,0,0,40,2240,0
2021-01-05,P.A. Bolzano,ITH1,1435,2650,3415,580,0,90,4085,0
2021-01-05,P.A. Trento,ITH2,1165,2305,2425,225,785,35,3470,0
2021-01-05,Piemonte,ITC1,8005,18775,21775,3600,1405,0,26780,0
2021-01-05,Puglia,ITF4,12105,14795,24720,1640,540,0,26900,0
2021-01-05,Sardegna,ITG2,1565,3050,4435,160,0,20,4615,0
2021-01-05,Sicilia,ITG1,25940,27045,46200,4040,1045,1700,52985,0
2021-01-05,Toscana,ITI1,8760,17430,21740,45,4395,10,26190,0
2021-01-05,Umbria,ITI2,2125,2155,4280,0,0,0,4280,0
2021-01-05,Valle d'Aosta,ITC2,270,480,695,0,55,0,750,0
2021-01-05,Veneto,ITH3,10860,25645,27405,2885,5605,610,36505,0
2021-01-06,Abruzzo,ITF1,3125,5145,7445,145,665,15,8270,0
2021-01-06,Basilicata,ITF5,520,580,1100,0,0,0,1100,0
2021-01-06,Calabria,ITF6,2735,2635,5070,190,0,110,5370,0
2021-01-06,Campania,ITF3,18830,19595,31865,2795,1520,2245,38425,0
2021-01-06,Emilia-Romagna,ITH5,14410,25845,28045,645,2470,9095,40255,0
2021-01-06,Friuli Venezia Giulia,ITH4,1320,2225,2220,975,0,350,3545,0
2021-01-06,Lazio,ITI4,9745,15710,23035,110,1600,710,25455,0
2021-01-06,Liguria,ITC3,3050,5225,6305,700,930,340,8275,0
2021-01-06,Lombardia,ITC4,13050,24070,31145,4750,290,935,37120,0
2021-01-06,Marche,ITI3,3925,6765,8370,1430,535,355,10690,0
2021-01-06,Molise,ITF2,1285,2115,2215,160,905,120,3400,0
2021-01-06,P.A. Bolzano,ITH1,95,205,200,100,0,0,300,0
2021-01-06,P.A. Trento,ITH2,65,145,210,0,0,0,210,0
2021-01-06,Piemonte,ITC1,5515,9990,11805,2135,1565,0,15505,0
2021-01-06,Puglia,ITF4,7335,10405,15495,470,1775,0,17740,0
2021-01-06,Sardegna,ITG2,2695,5240,7370,450,0,115,7935,0
2021-01-06,Sicilia,ITG1,17045,15385,28720,2110,10,1590,32430,0
2021-01-06,Toscana,ITI1,7220,15185,19895,45,2460,5,22405,0
2021-01-06,Umbria,ITI2,1615,2615,4230,0,0,0,4230,0
2021-01-06,Valle d'Aosta,ITC2,170,160,240,0,90,0,330,0
2021-01-06,Veneto,ITH3,11805,28515,32450,3530,3965,375,40320,0
2021-01-07,Abruzzo,ITF1,2860,5720,8395,185,0,0,8580,0
2021-01-07,Basilicata,ITF5,1625,1610,3060,30,135,10,3235,0
2021-01-07,Calabria,ITF6,7130,7270,12895,595,0,910,14400,0
2021-01-07,Campania,ITF3,20765,23646,36056,3905,1640,2810,44411,0
2021-01-07,Emilia-Romagna,ITH5,16440,32587,33002,1205,3597,11223,49027,0
2021-01-07,Friuli Venezia Giulia,ITH4,3595,6875,8355,1105,545,465,10470,0
2021-01-07,Lazio,ITI4,14410,24095,33230,860,2820,1595,38505,0
2021-01-07,Liguria,ITC3,5400,10520,11145,1385,2255,1135,15920,0
2021-01-07,Lombardia,ITC4,17465,37505,45370,6210,3000,390,54970,0
2021-01-07,Marche,ITI3,3705,6540,9145,1035,0,65,10245,0
2021-01-07,Molise,ITF2,1040,1930,1930,145,730,165,2970,0
2021-01-07,P.A. Bolzano,ITH1,1425,2645,2865,760,140,305,4070,0
2021-01-07,P.A. Trento,ITH2,1550,4805,3240,250,2765,100,6355,0
2021-01-07,Piemonte,ITC1,8595,18060,20665,4385,1605,0,26655,0
2021-01-07,Puglia,ITF4,11105,14945,23400,1535,1075,40,26050,0
2021-01-07,Sardegna,ITG2,5300,10030,13435,1605,0,290,15330,0
2021-01-07,Sicilia,ITG1,21270,24780,38900,4610,1060,1480,46050,0
2021-01-07,Toscana,ITI1,8710,21285,26490,155,3345,5,29995,0
2021-01-07,Umbria,ITI2,2025,5005,4530,25,2470,5,7030,0
2021-01-07,Valle d'Aosta,ITC2,565,830,1365,0,30,0,1395,0
2021-01-07,Veneto,ITH3,11525,30060,27685,4050,8985,865,41585,0
2021-01-08,Abruzzo,ITF1,2695,5495,7980,200,0,10,8190,0
2021-01-08,Basilicata,ITF5,715,970,1375,115,195,0,1685,0
2021-01-08,Calabria,ITF6,3160,3290,5855,310,0,285,6450,0
2021-01-08,Campania,ITF3,24835,27435,39365,3655,1060,8190,52270,0
2021-01-08,Emilia-Romagna,ITH5,17005,33768,34132,1675,3530,11436,50773,0
2021-01-08,Friuli Venezia Giulia,ITH4,3730,7865,7760,1210,1980,645,11595,0
2021-01-08,Lazio,ITI4,14400,24045,30575,930,3965,2975,38445,0
2021-01-08,Liguria,ITC3,4835,8850,9930,1220,1630,905,13685,0
2021-01-08,Lombardia,ITC4,18080,40230,49015,6770,1815,710,58310,0
2021-01-08,Marche,ITI3,2955,4905,6615,1040,125,80,7860,0
2021-01-08,Molise,ITF2,700,1445,1170,95,600,280,2145,0
2021-01-08,P.A. Bolzano,ITH1,2350,4780,4140,1085,1490,415,7130,0
2021-01-08,P.A. Trento,ITH2,1660,5785,4065,680,2630,70,7445,0
2021-01-08,Piemonte,ITC1,8765,18780,20375,5125,2045,0,27545,0
2021-01-08,Puglia,ITF4,10145,14520,21545,1740,1095,285,24665,0
2021-01-08,Sardegna,ITG2,6030,10180,14550,1155,0,505,16210,0
2021-01-08,Sicilia,ITG1,19829,22902,34217,4657,1065,2792,42731,0
2021-01-08,Toscana,ITI1,8180,21480,26790,170,2685,15,29660,0
2021-01-08,Umbria,ITI2,1825,4075,4765,60,1075,0,5900,0
2021-01-08,Valle d'Aosta,ITC2,650,845,1375,0,120,0,1495,0
2021-01-08,Veneto,ITH3,14040,32655,30705,5905,8995,1090,46695,0
2021-01-09,Abruzzo,ITF1,2825,4590,7140,260,0,15,7415,0
2021-01-09,Basilicata,ITF5,820,1490,1835,130,345,0,2310,0
2021-01-09,Calabria,ITF6,4480,4425,7700,1175,0,30,8905,0
2021-01-09,Campania,ITF3,25130,27700,41675,2695,1345,7115,52830,0
2021-01-09,Emilia-Romagna,ITH5,16056,30014,30269,1825,2504,11472,46070,0
2021-01-09,Friuli Venezia Giulia,ITH4,4200,8365,6300,2020,2950,1295,12565,0
2021-01-09,Lazio,ITI4,12770,18635,23260,1145,3090,3910,31405,0
2021-01-09,Liguria,ITC3,2400,4260,4290,610,935,825,6660,0
2021-01-09,Lombardia,ITC4,22605,38690,47475,9870,1180,2770,61295,0
2021-01-09,Marche,ITI3,3035,5520,7260,1200,0,95,8555,0
2021-01-09,Molise,ITF2,760,1485,1070,165,890,120,2245,0
2021-01-09,P.A. Bolzano,ITH1,695,855,275,725,540,10,1550,0
2021-01-09,P.A. Trento,ITH2,200,730,715,65,150,0,930,0
2021-01-09,Piemonte,ITC1,10850,19865,22375,5625,2715,0,30715,0
2021-01-09,Puglia,ITF4,11685,13620,22645,920,1735,5,25305,0
2021-01-09,Sardegna,ITG2,7030,12975,15960,3290,0,755,20005,0
2021-01-09,Sicilia,ITG1,16965,19370,25575,4650,2280,3830,36335,0
2021-01-09,Toscana,ITI1,7970,14430,18890,715,2790,5,22400,0
2021-01-09,Umbria,ITI2,2395,5970,4470,70,3825,0,8365,0
2021-01-09,Valle d'Aosta,ITC2,995,1220,2070,0,145,0,2215,0
2021-01-09,Veneto,ITH3,12555,26785,25055,5145,7690,1450,39340,0
2021-01-10,Abruzzo,ITF1,2045,3645,5455,215,0,20,5690,0
2021-01-10,Calabria,ITF6,2830,2650,4130,1345,0,5,5480,0
2021-01-10,Campania,ITF3,18760,22175,33245,2120,555,5015,40935,0
2021-01-10,Emilia-Romagna,ITH5,12800,21255,21180,1860,1540,9475,34055,0
2021-01-10,Friuli Venezia Giulia,ITH4,4595,10085,7520,4745,1215,1200,14680,0
2021-01-10,Lazio,ITI4,8480,11675,14265,780,1255,3855,20155,0
2021-01-10,Liguria,ITC3,1990,2285,1715,765,705,1090,4275,0
2021-01-10,Lombardia,ITC4,20220,32965,40635,8630,30,3890,53185,0
2021-01-10,Marche,ITI3,3525,5275,7490,1255,45,10,8800,0
2021-01-10,Molise,ITF2,360,985,410,95,840,0,1345,0
2021-01-10,P.A. Trento,ITH2,90,300,260,90,40,0,390,0
2021-01-10,Piemonte,ITC1,11345,14550,19430,3905,2560,0,25895,0
2021-01-10,Puglia,ITF4,4865,5850,9370,470,700,175,10715,0
2021-01-10,Sardegna,ITG2,3730,7135,8390,1200,0,1275,10865,0
2021-01-10,Sicilia,ITG1,8085,10020,11135,2265,2325,2380,18105,0
2021-01-10,Toscana,ITI1,5495,9320,12165,670,1965,15,14815,0
2021-01-10,Umbria,ITI2,1355,3560,3695,5,1215,0,4915,0
2021-01-10,Valle d'Aosta,ITC2,355,745,1000,0,100,0,1100,0
2021-01-10,Veneto,ITH3,8295,16735,16935,5395,1885,815,25030,0
2021-01-11,Abruzzo,ITF1,2785,4990,6850,450,240,235,7775,0
2021-01-11,Basilicata,ITF5,245,555,470,20,300,10,800,0
2021-01-11,Calabria,ITF6,3955,3765,6150,1350,220,0,7720,0
2021-01-11,Campania,ITF3,9040,10780,13320,2270,770,3460,19820,0
2021-01-11,Emilia-Romagna,ITH5,15672,28454,24659,1990,4247,13230,44126,0
2021-01-11,Friuli Venezia Giulia,ITH4,3030,6335,6560,1670,235,900,9365,0
2021-01-11,Lazio,ITI4,10500,17090,21225,1530,2840,1995,27590,0
2021-01-11,Liguria,ITC3,4700,8000,8825,1295,1245,1335,12700,0
2021-01-11,Lombardia,ITC4,24930,49525,55035,12850,3480,3090,74455,0
2021-01-11,Marche,ITI3,2135,3435,4815,755,0,0,5570,0
2021-01-11,Molise,ITF2,970,1815,950,1250,555,30,2785,0
2021-01-11,P.A. Bolzano,ITH1,1945,5035,3465,1370,1735,410,6980,0
2021-01-11,P.A. Trento,ITH2,1110,2550,2590,250,780,40,3660,0
2021-01-11,Piemonte,ITC1,14790,28640,30030,7740,5655,5,43430,0
2021-01-11,Puglia,ITF4,6655,8730,14025,1045,315,0,15385,0
2021-01-11,Sardegna,ITG2,2520,3375,3435,695,0,1765,5895,0
2021-01-11,Sicilia,ITG1,12860,16340,20195,4155,1910,2940,29200,0
2021-01-11,Toscana,ITI1,8425,16995,21760,1050,2605,5,25420,0
2021-01-11,Umbria,ITI2,1705,4325,4385,165,1480,0,6030,0
2021-01-11,Valle d'Aosta,ITC2,560,1070,1475,0,155,0,1630,0
2021-01-11,Veneto,ITH3,9795,23780,17720,5110,8230,2515,33575,0
2021-01-12,Abruzzo,ITF1,3265,6645,8210,740,475,485,9910,0
2021-01-12,Basilicata,ITF5,445,665,655,70,370,15,1110,0
2021-01-12,Calabria,ITF6,3120,3340,5445,905,95,15,6460,0
2021-01-12,Campania,ITF3,13095,13475,19070,2130,2130,3240,26570,0
2021-01-12,Emilia-Romagna,ITH5,14997,30384,24698,2035,7087,11561,45381,0
2021-01-12,Friuli Venezia Giulia,ITH4,3555,7685,6255,1845,1785,1355,11240,0
2021-01-12,Lazio,ITI4,9790,16975,18410,1690,2910,3755,26765,0
2021-01-12,Liguria,ITC3,3795,7240,6890,940,2435,770,11035,0
2021-01-12,Lombardia,ITC4,29890,59315,61390,18160,6635,3020,89205,0
2021-01-12,Marche,ITI3,1950,3705,4345,1025,240,45,5655,0
2021-01-12,Molise,ITF2,570,1110,655,370,650,5,1680,0
2021-01-12,P.A. Bolzano,ITH1,2185,6090,3610,1235,3065,365,8275,0
2021-01-12,P.A. Trento,ITH2,795,1750,2005,135,330,75,2545,0
2021-01-12,Piemonte,ITC1,16976,33084,34212,10013,5835,0,50060,0
2021-01-12,Puglia,ITF4,7800,10540,16405,925,985,25,18340,0
2021-01-12,Sardegna,ITG2,2040,2285,2705,440,0,1180,4325,0
2021-01-12,Sicilia,ITG1,11065,11110,14340,5285,975,1575,22175,0
2021-01-12,Toscana,ITI1,6980,10920,14715,1410,1770,5,17900,0
2021-01-12,Umbria,ITI2,1215,2955,1640,1785,735,10,4170,0
2021-01-12,Valle d'Aosta,ITC2,360,1145,1445,0,60,0,1505,0
2021-01-12,Veneto,ITH3,7540,18395,11560,4130,8630,1615,25935,0
2021-01-13,Abruzzo,ITF1,3160,5810,7260,1295,40,375,8970,0
2021-01-13,Basilicata,ITF5,1695,2430,3370,70,545,140,4125,0
2021-01-13,Calabria,ITF6,3530,3690,6155,1065,0,0,7220,0
2021-01-13,Campania,ITF3,18180,21560,29205,2185,2780,5570,39740,0
2021-01-13,Emilia-Romagna,ITH5,14223,29197,21919,1490,6802,13209,43420,0
2021-01-13,Friuli Venezia Giulia,ITH4,3525,7500,6220,2390,1130,1285,11025,0
2021-01-13,Lazio,ITI4,10070,17285,17890,1350,4860,3255,27355,0
2021-01-13,Liguria,ITC3,4590,7630,6910,1465,1615,2230,12220,0
2021-01-13,Lombardia,ITC4,34490,72750,63960,20865,14650,7765,107240,0
2021-01-13,Marche,ITI3,4585,5500,6810,2835,380,60,10085,0
2021-01-13,Molise,ITF2,795,1565,1280,355,710,15,2360,0
2021-01-13,P.A. Bolzano,ITH1,2490,5100,3605,1365,1650,970,7590,0
2021-01-13,P.A. Trento,ITH2,610,1460,1905,30,90,45,2070,0
2021-01-13,Piemonte,ITC1,15923,33967,32123,11200,6567,0,49890,0
2021-01-13,Puglia,ITF4,8885,14190,19930,1095,2050,0,23075,0
2021-01-13,Sardegna,ITG2,1220,1640,2460,380,0,20,2860,0
2021-01-13,Sicilia,ITG1,11985,12890,15450,4540,2060,2825,24875,0
2021-01-13,Toscana,ITI1,6965,13135,16485,1730,1875,10,20100,0
2021-01-13,Umbria,ITI2,700,1550,1940,90,205,15,2250,0
2021-01-13,Valle d'Aosta,ITC2,565,1235,1670,0,130,0,1800,0
2021-01-13,Veneto,ITH3,7295,19210,13270,5335,7435,465,26505,0
2021-01-14,Abruzzo,ITF1,1230,2450,2590,745,205,140,3680,0
2021-01-14,Basilicata,ITF5,1610,2270,2465,175,1240,0,3880,0
2021-01-14,Calabria,ITF6,4835,4945,7895,1565,100,220,9780,0
2021-01-14,Campania,ITF3,14945,20550,27415,1980,1870,4230,35495,0
2021-01-14,Emilia-Romagna,ITH5,12240,25676,19305,1835,5896,10880,37916,0
2021-01-14,Friuli Venezia Giulia,ITH4,3800,8615,6700,2620,2145,950,12415,0
2021-01-14,Lazio,ITI4,9750,16105,15550,1515,3915,4875,25855,0
2021-01-14,Liguria,ITC3,5145,9100,7510,2295,2370,2070,14245,0
2021-01-14,Lombardia,ITC4,32255,74900,61300,20690,18210,6955,107155,0
2021-01-14,Marche,ITI3,2660,4935,4575,1515,975,530,7595,0
2021-01-14,Molise,ITF2,1195,2040,2060,530,590,55,3235,0
2021-01-14,P.A. Bolzano,ITH1,3505,6165,3930,1805,2290,1645,9670,0
2021-01-14,P.A. Trento,ITH2,870,2105,2205,15,690,65,2975,0
2021-01-14,Piemonte,ITC1,15570,32575,30395,10485,7265,0,48145,0
2021-01-14,Puglia,ITF4,5820,9255,12610,775,1690,0,15075,0
2021-01-14,Sardegna,ITG2,2110,3375,4405,835,0,245,5485,0
2021-01-14,Sicilia,ITG1,12260,12914,15159,5880,945,3190,25174,0
2021-01-14,Toscana,ITI1,5890,10370,12290,2375,1595,0,16260,0
2021-01-14,Umbria,ITI2,1025,2720,3525,120,85,15,3745,0
2021-01-14,Valle d'Aosta,ITC2,350,895,1245,0,0,0,1245,0
2021-01-14,Veneto,ITH3,8913,23674,14410,6225,10957,995,32587,0
2021-01-15,Abruzzo,ITF1,877,1473,1041,106,983,220,2350,0
2021-01-15,Basilicata,ITF5,1680,2295,2770,370,835,0,3975,0
2021-01-15,Calabria,ITF6,3452,3966,5896,998,155,369,7418,0
2021-01-15,Campania,ITF3,11915,12985,17855,1260,985,4800,24900,0
2021-01-15,Emilia-Romagna,ITH5,10565,23070,18645,1610,3405,9975,33635,0
2021-01-15,Friuli Venezia Giulia,ITH4,3020,7090,5535,1825,1865,885,10110,0
2021-01-15,Lazio,ITI4,11738,18189,18091,1970,4522,5344,29927,0
2021-01-15,Liguria,ITC3,3505,6640,4855,1555,1925,1810,10145,0
2021-01-15,Lombardia,ITC4,30125,64250,54505,20120,14435,5315,94375,0
2021-01-15,Marche,ITI3,2335,4890,4445,1175,1250,355,7225,0
2021-01-15,Molise,ITF2,1215,1485,1995,90,405,210,2700,0
2021-01-15,P.A. Bolzano,ITH1,6125,10015,4340,1520,2530,7750,16140,0
2021-01-15,P.A. Trento,ITH2,640,2135,2155,95,460,65,2775,0
2021-01-15,Piemonte,ITC1,14958,30219,27686,9556,7920,15,45177,0
2021-01-15,Puglia,ITF4,7270,9825,14225,1310,1520,40,17095,0
2021-01-15,Sardegna,ITG2,2555,4370,5390,1340,0,195,6925,0
2021-01-15,Sicilia,ITG1,10040,11954,13167,3987,1440,3400,21994,0
2021-01-15,Toscana,ITI1,6729,12635,13783,3370,2201,10,19364,0
2021-01-15,Umbria,ITI2,1020,2340,2945,160,240,15,3360,0
2021-01-15,Valle d'Aosta,ITC2,410,680,890,0,200,0,1090,0
2021-01-15,Veneto,ITH3,7909,16974,12425,5513,5990,955,24883,0
2021-01-16,Abruzzo,ITF1,1495,1730,2560,305,220,140,3225,0
2021-01-16,Basilicata,ITF5,775,1110,1075,430,380,0,1885,0
2021-01-16,Calabria,ITF6,2681,2807,4750,526,90,122,5488,0
2021-01-16,Campania,ITF3,8365,8501,7842,640,1854,6530,16866,0
2021-01-16,Emilia-Romagna,ITH5,7638,16827,13790,1008,2675,6992,24465,0
2021-01-16,Friuli Venezia Giulia,ITH4,1785,4350,3520,1060,1240,315,6130,5
2021-01-16,Lazio,ITI4,10614,16838,14717,1295,5305,6135,27443,9
2021-01-16,Liguria,ITC3,2605,3095,1980,705,1145,1870,5700,0
2021-01-16,Lombardia,ITC4,21275,35893,33360,15158,3310,5340,57168,0
2021-01-16,Marche,ITI3,2750,5485,4805,1775,1205,450,8235,0
2021-01-16,Molise,ITF2,855,1335,1350,80,725,35,2190,0
2021-01-16,P.A. Bolzano,ITH1,5420,6540,2145,340,55,9420,11960,0
2021-01-16,P.A. Trento,ITH2,740,845,1500,0,75,10,1585,0
2021-01-16,Piemonte,ITC1,12669,24029,23151,7741,5796,10,36698,0
2021-01-16,Puglia,ITF4,5149,7219,9298,1035,2035,0,12368,0
2021-01-16,Sardegna,ITG2,2625,4825,6370,925,0,155,7450,0
2021-01-16,Sicilia,ITG1,5554,7298,6494,2192,970,3196,12852,0
2021-01-16,Toscana,ITI1,5095,10990,12465,2680,940,0,16080,2
2021-01-16,Umbria,ITI2,355,745,715,165,215,5,1100,0
2021-01-16,Valle d'Aosta,ITC2,405,775,800,0,110,270,1180,0
2021-01-16,Veneto,ITH3,7364,14276,12735,4730,3180,995,21640,0
2021-01-17,Abruzzo,ITF1,1320,1755,2820,30,0,225,3075,0
2021-01-17,Basilicata,ITF5,228,330,306,210,42,0,558,0
2021-01-17,Calabria,ITF6,399,333,423,114,54,141,732,0
2021-01-17,Campania,ITF3,5610,7170,6630,330,2385,3435,10515,2265
2021-01-17,Emilia-Romagna,ITH5,7062,12495,11790,585,501,6681,19557,0
2021-01-17,Lazio,ITI4,14511,22416,20814,1287,1242,13584,36807,120
2021-01-17,Liguria,ITC3,2613,6645,3693,507,3639,1419,9258,0
2021-01-17,Lombardia,ITC4,41407,61622,68107,24389,4706,5827,100371,2658
2021-01-17,Marche,ITI3,7875,12705,14310,5475,675,120,20580,0
2021-01-17,Molise,ITF2,69,75,144,0,0,0,144,0
2021-01-17,P.A. Bolzano,ITH1,6270,8385,360,390,0,13905,14610,45
2021-01-17,Piemonte,ITC1,13923,25737,25125,8703,5832,0,31530,8130
2021-01-17,Puglia,ITF4,1995,1080,1275,1530,270,0,2835,240
2021-01-17,Sardegna,ITG2,1275,2454,2904,804,0,21,3726,3
2021-01-17,Sicilia,ITG1,6927,7428,7725,2940,450,3240,13845,510
2021-01-17,Toscana,ITI1,10731,22329,26454,4146,2460,0,27807,4188
2021-01-17,Umbria,ITI2,255,555,420,390,0,0,810,0
2021-01-17,Valle d'Aosta,ITC2,840,1125,780,0,300,885,1965,0
2021-01-17,Veneto,ITH3,7788,12210,12009,4320,1800,1869,19998,0
